"","number","tilename"
"./MFW/MFW_2015182_000E010N_P14x3D3OT.tif",1,"000E010N"
"./MFW/MFW_2015182_000E020N_P14x3D3OT.tif",2,"000E020N"
"./MFW/MFW_2015182_000E030N_P14x3D3OT.tif",3,"000E030N"
"./MFW/MFW_2015182_000E040N_P14x3D3OT.tif",4,"000E040N"
"./MFW/MFW_2015182_000E050N_P14x3D3OT.tif",5,"000E050N"
"./MFW/MFW_2015182_000E060N_P14x3D3OT.tif",6,"000E060N"
"./MFW/MFW_2015182_000E070N_P14x3D3OT.tif",7,"000E070N"
"./MFW/MFW_2015182_010E000S_P14x3D3OT.tif",8,"010E000S"
"./MFW/MFW_2015182_010E010N_P14x3D3OT.tif",9,"010E010N"
"./MFW/MFW_2015182_010E010S_P14x3D3OT.tif",10,"010E010S"
"./MFW/MFW_2015182_010E020N_P14x3D3OT.tif",11,"010E020N"
"./MFW/MFW_2015182_010E020S_P14x3D3OT.tif",12,"010E020S"
"./MFW/MFW_2015182_010E030N_P14x3D3OT.tif",13,"010E030N"
"./MFW/MFW_2015182_010E030S_P14x3D3OT.tif",14,"010E030S"
"./MFW/MFW_2015182_010E040N_P14x3D3OT.tif",15,"010E040N"
"./MFW/MFW_2015182_010E050N_P14x3D3OT.tif",16,"010E050N"
"./MFW/MFW_2015182_010E060N_P14x3D3OT.tif",17,"010E060N"
"./MFW/MFW_2015182_010E070N_P14x3D3OT.tif",18,"010E070N"
"./MFW/MFW_2015182_010W010N_P14x3D3OT.tif",19,"010W010N"
"./MFW/MFW_2015182_010W020N_P14x3D3OT.tif",20,"010W020N"
"./MFW/MFW_2015182_010W030N_P14x3D3OT.tif",21,"010W030N"
"./MFW/MFW_2015182_010W040N_P14x3D3OT.tif",22,"010W040N"
"./MFW/MFW_2015182_010W050N_P14x3D3OT.tif",23,"010W050N"
"./MFW/MFW_2015182_010W060N_P14x3D3OT.tif",24,"010W060N"
"./MFW/MFW_2015182_020E000S_P14x3D3OT.tif",25,"020E000S"
"./MFW/MFW_2015182_020E010N_P14x3D3OT.tif",26,"020E010N"
"./MFW/MFW_2015182_020E010S_P14x3D3OT.tif",27,"020E010S"
"./MFW/MFW_2015182_020E020N_P14x3D3OT.tif",28,"020E020N"
"./MFW/MFW_2015182_020E020S_P14x3D3OT.tif",29,"020E020S"
"./MFW/MFW_2015182_020E030N_P14x3D3OT.tif",30,"020E030N"
"./MFW/MFW_2015182_020E030S_P14x3D3OT.tif",31,"020E030S"
"./MFW/MFW_2015182_020E040N_P14x3D3OT.tif",32,"020E040N"
"./MFW/MFW_2015182_020E050N_P14x3D3OT.tif",33,"020E050N"
"./MFW/MFW_2015182_020E060N_P14x3D3OT.tif",34,"020E060N"
"./MFW/MFW_2015182_020E070N_P14x3D3OT.tif",35,"020E070N"
"./MFW/MFW_2015182_020W010N_P14x3D3OT.tif",36,"020W010N"
"./MFW/MFW_2015182_020W020N_P14x3D3OT.tif",37,"020W020N"
"./MFW/MFW_2015182_020W030N_P14x3D3OT.tif",38,"020W030N"
"./MFW/MFW_2015182_030E000S_P14x3D3OT.tif",39,"030E000S"
"./MFW/MFW_2015182_030E010N_P14x3D3OT.tif",40,"030E010N"
"./MFW/MFW_2015182_030E010S_P14x3D3OT.tif",41,"030E010S"
"./MFW/MFW_2015182_030E020N_P14x3D3OT.tif",42,"030E020N"
"./MFW/MFW_2015182_030E020S_P14x3D3OT.tif",43,"030E020S"
"./MFW/MFW_2015182_030E030N_P14x3D3OT.tif",44,"030E030N"
"./MFW/MFW_2015182_030E040N_P14x3D3OT.tif",45,"030E040N"
"./MFW/MFW_2015182_030E050N_P14x3D3OT.tif",46,"030E050N"
"./MFW/MFW_2015182_030E060N_P14x3D3OT.tif",47,"030E060N"
"./MFW/MFW_2015182_030E070N_P14x3D3OT.tif",48,"030E070N"
"./MFW/MFW_2015182_040E010N_P14x3D3OT.tif",49,"040E010N"
"./MFW/MFW_2015182_040E010S_P14x3D3OT.tif",50,"040E010S"
"./MFW/MFW_2015182_040E020N_P14x3D3OT.tif",51,"040E020N"
"./MFW/MFW_2015182_040E020S_P14x3D3OT.tif",52,"040E020S"
"./MFW/MFW_2015182_040E030N_P14x3D3OT.tif",53,"040E030N"
"./MFW/MFW_2015182_040E040N_P14x3D3OT.tif",54,"040E040N"
"./MFW/MFW_2015182_040E050N_P14x3D3OT.tif",55,"040E050N"
"./MFW/MFW_2015182_040E060N_P14x3D3OT.tif",56,"040E060N"
"./MFW/MFW_2015182_040E070N_P14x3D3OT.tif",57,"040E070N"
"./MFW/MFW_2015182_050E020N_P14x3D3OT.tif",58,"050E020N"
"./MFW/MFW_2015182_050E030N_P14x3D3OT.tif",59,"050E030N"
"./MFW/MFW_2015182_050E040N_P14x3D3OT.tif",60,"050E040N"
"./MFW/MFW_2015182_050E050N_P14x3D3OT.tif",61,"050E050N"
"./MFW/MFW_2015182_050E060N_P14x3D3OT.tif",62,"050E060N"
"./MFW/MFW_2015182_050E070N_P14x3D3OT.tif",63,"050E070N"
"./MFW/MFW_2015182_060E030N_P14x3D3OT.tif",64,"060E030N"
"./MFW/MFW_2015182_060E040N_P14x3D3OT.tif",65,"060E040N"
"./MFW/MFW_2015182_060E050N_P14x3D3OT.tif",66,"060E050N"
"./MFW/MFW_2015182_060E060N_P14x3D3OT.tif",67,"060E060N"
"./MFW/MFW_2015182_060E070N_P14x3D3OT.tif",68,"060E070N"
"./MFW/MFW_2015182_060W010N_P14x3D3OT.tif",69,"060W010N"
"./MFW/MFW_2015182_060W050N_P14x3D3OT.tif",70,"060W050N"
"./MFW/MFW_2015182_060W060N_P14x3D3OT.tif",71,"060W060N"
"./MFW/MFW_2015182_070E010N_P14x3D3OT.tif",72,"070E010N"
"./MFW/MFW_2015182_070E020N_P14x3D3OT.tif",73,"070E020N"
"./MFW/MFW_2015182_070E030N_P14x3D3OT.tif",74,"070E030N"
"./MFW/MFW_2015182_070E040N_P14x3D3OT.tif",75,"070E040N"
"./MFW/MFW_2015182_070E050N_P14x3D3OT.tif",76,"070E050N"
"./MFW/MFW_2015182_070E060N_P14x3D3OT.tif",77,"070E060N"
"./MFW/MFW_2015182_070E070N_P14x3D3OT.tif",78,"070E070N"
"./MFW/MFW_2015182_070W000S_P14x3D3OT.tif",79,"070W000S"
"./MFW/MFW_2015182_070W010N_P14x3D3OT.tif",80,"070W010N"
"./MFW/MFW_2015182_070W020N_P14x3D3OT.tif",81,"070W020N"
"./MFW/MFW_2015182_070W050N_P14x3D3OT.tif",82,"070W050N"
"./MFW/MFW_2015182_070W060N_P14x3D3OT.tif",83,"070W060N"
"./MFW/MFW_2015182_070W070N_P14x3D3OT.tif",84,"070W070N"
"./MFW/MFW_2015182_080E010N_P14x3D3OT.tif",85,"080E010N"
"./MFW/MFW_2015182_080E020N_P14x3D3OT.tif",86,"080E020N"
"./MFW/MFW_2015182_080E030N_P14x3D3OT.tif",87,"080E030N"
"./MFW/MFW_2015182_080E040N_P14x3D3OT.tif",88,"080E040N"
"./MFW/MFW_2015182_080E050N_P14x3D3OT.tif",89,"080E050N"
"./MFW/MFW_2015182_080E060N_P14x3D3OT.tif",90,"080E060N"
"./MFW/MFW_2015182_080E070N_P14x3D3OT.tif",91,"080E070N"
"./MFW/MFW_2015182_080W000S_P14x3D3OT.tif",92,"080W000S"
"./MFW/MFW_2015182_080W010N_P14x3D3OT.tif",93,"080W010N"
"./MFW/MFW_2015182_080W020N_P14x3D3OT.tif",94,"080W020N"
"./MFW/MFW_2015182_080W030N_P14x3D3OT.tif",95,"080W030N"
"./MFW/MFW_2015182_080W040N_P14x3D3OT.tif",96,"080W040N"
"./MFW/MFW_2015182_080W050N_P14x3D3OT.tif",97,"080W050N"
"./MFW/MFW_2015182_080W060N_P14x3D3OT.tif",98,"080W060N"
"./MFW/MFW_2015182_080W070N_P14x3D3OT.tif",99,"080W070N"
"./MFW/MFW_2015182_090E010N_P14x3D3OT.tif",100,"090E010N"
"./MFW/MFW_2015182_090E020N_P14x3D3OT.tif",101,"090E020N"
"./MFW/MFW_2015182_090E030N_P14x3D3OT.tif",102,"090E030N"
"./MFW/MFW_2015182_090E040N_P14x3D3OT.tif",103,"090E040N"
"./MFW/MFW_2015182_090E050N_P14x3D3OT.tif",104,"090E050N"
"./MFW/MFW_2015182_090E060N_P14x3D3OT.tif",105,"090E060N"
"./MFW/MFW_2015182_090E070N_P14x3D3OT.tif",106,"090E070N"
"./MFW/MFW_2015182_090W000S_P14x3D3OT.tif",107,"090W000S"
"./MFW/MFW_2015182_090W010N_P14x3D3OT.tif",108,"090W010N"
"./MFW/MFW_2015182_090W020N_P14x3D3OT.tif",109,"090W020N"
"./MFW/MFW_2015182_090W030N_P14x3D3OT.tif",110,"090W030N"
"./MFW/MFW_2015182_090W040N_P14x3D3OT.tif",111,"090W040N"
"./MFW/MFW_2015182_090W050N_P14x3D3OT.tif",112,"090W050N"
"./MFW/MFW_2015182_090W060N_P14x3D3OT.tif",113,"090W060N"
"./MFW/MFW_2015182_090W070N_P14x3D3OT.tif",114,"090W070N"
"./MFW/MFW_2015182_100E000S_P14x3D3OT.tif",115,"100E000S"
"./MFW/MFW_2015182_100E010N_P14x3D3OT.tif",116,"100E010N"
"./MFW/MFW_2015182_100E020N_P14x3D3OT.tif",117,"100E020N"
"./MFW/MFW_2015182_100E030N_P14x3D3OT.tif",118,"100E030N"
"./MFW/MFW_2015182_100E040N_P14x3D3OT.tif",119,"100E040N"
"./MFW/MFW_2015182_100E050N_P14x3D3OT.tif",120,"100E050N"
"./MFW/MFW_2015182_100E060N_P14x3D3OT.tif",121,"100E060N"
"./MFW/MFW_2015182_100E070N_P14x3D3OT.tif",122,"100E070N"
"./MFW/MFW_2015182_100W020N_P14x3D3OT.tif",123,"100W020N"
"./MFW/MFW_2015182_100W030N_P14x3D3OT.tif",124,"100W030N"
"./MFW/MFW_2015182_100W040N_P14x3D3OT.tif",125,"100W040N"
"./MFW/MFW_2015182_100W050N_P14x3D3OT.tif",126,"100W050N"
"./MFW/MFW_2015182_100W060N_P14x3D3OT.tif",127,"100W060N"
"./MFW/MFW_2015182_100W070N_P14x3D3OT.tif",128,"100W070N"
"./MFW/MFW_2015182_110E000S_P14x3D3OT.tif",129,"110E000S"
"./MFW/MFW_2015182_110E010N_P14x3D3OT.tif",130,"110E010N"
"./MFW/MFW_2015182_110E020N_P14x3D3OT.tif",131,"110E020N"
"./MFW/MFW_2015182_110E020S_P14x3D3OT.tif",132,"110E020S"
"./MFW/MFW_2015182_110E030N_P14x3D3OT.tif",133,"110E030N"
"./MFW/MFW_2015182_110E030S_P14x3D3OT.tif",134,"110E030S"
"./MFW/MFW_2015182_110E040N_P14x3D3OT.tif",135,"110E040N"
"./MFW/MFW_2015182_110E050N_P14x3D3OT.tif",136,"110E050N"
"./MFW/MFW_2015182_110E060N_P14x3D3OT.tif",137,"110E060N"
"./MFW/MFW_2015182_110E070N_P14x3D3OT.tif",138,"110E070N"
"./MFW/MFW_2015182_110W020N_P14x3D3OT.tif",139,"110W020N"
"./MFW/MFW_2015182_110W030N_P14x3D3OT.tif",140,"110W030N"
"./MFW/MFW_2015182_110W040N_P14x3D3OT.tif",141,"110W040N"
"./MFW/MFW_2015182_110W050N_P14x3D3OT.tif",142,"110W050N"
"./MFW/MFW_2015182_110W060N_P14x3D3OT.tif",143,"110W060N"
"./MFW/MFW_2015182_110W070N_P14x3D3OT.tif",144,"110W070N"
"./MFW/MFW_2015182_120E000S_P14x3D3OT.tif",145,"120E000S"
"./MFW/MFW_2015182_120E010N_P14x3D3OT.tif",146,"120E010N"
"./MFW/MFW_2015182_120E010S_P14x3D3OT.tif",147,"120E010S"
"./MFW/MFW_2015182_120E020N_P14x3D3OT.tif",148,"120E020N"
"./MFW/MFW_2015182_120E020S_P14x3D3OT.tif",149,"120E020S"
"./MFW/MFW_2015182_120E030N_P14x3D3OT.tif",150,"120E030N"
"./MFW/MFW_2015182_120E030S_P14x3D3OT.tif",151,"120E030S"
"./MFW/MFW_2015182_120E040N_P14x3D3OT.tif",152,"120E040N"
"./MFW/MFW_2015182_120E050N_P14x3D3OT.tif",153,"120E050N"
"./MFW/MFW_2015182_120E060N_P14x3D3OT.tif",154,"120E060N"
"./MFW/MFW_2015182_120E070N_P14x3D3OT.tif",155,"120E070N"
"./MFW/MFW_2015182_120W030N_P14x3D3OT.tif",156,"120W030N"
"./MFW/MFW_2015182_120W040N_P14x3D3OT.tif",157,"120W040N"
"./MFW/MFW_2015182_120W050N_P14x3D3OT.tif",158,"120W050N"
"./MFW/MFW_2015182_120W060N_P14x3D3OT.tif",159,"120W060N"
"./MFW/MFW_2015182_120W070N_P14x3D3OT.tif",160,"120W070N"
"./MFW/MFW_2015182_130E000S_P14x3D3OT.tif",161,"130E000S"
"./MFW/MFW_2015182_130E010S_P14x3D3OT.tif",162,"130E010S"
"./MFW/MFW_2015182_130E020S_P14x3D3OT.tif",163,"130E020S"
"./MFW/MFW_2015182_130E030S_P14x3D3OT.tif",164,"130E030S"
"./MFW/MFW_2015182_130E040N_P14x3D3OT.tif",165,"130E040N"
"./MFW/MFW_2015182_130E050N_P14x3D3OT.tif",166,"130E050N"
"./MFW/MFW_2015182_130E060N_P14x3D3OT.tif",167,"130E060N"
"./MFW/MFW_2015182_130E070N_P14x3D3OT.tif",168,"130E070N"
"./MFW/MFW_2015182_130W040N_P14x3D3OT.tif",169,"130W040N"
"./MFW/MFW_2015182_130W050N_P14x3D3OT.tif",170,"130W050N"
"./MFW/MFW_2015182_130W060N_P14x3D3OT.tif",171,"130W060N"
"./MFW/MFW_2015182_130W070N_P14x3D3OT.tif",172,"130W070N"
"./MFW/MFW_2015182_140E000S_P14x3D3OT.tif",173,"140E000S"
"./MFW/MFW_2015182_140E010S_P14x3D3OT.tif",174,"140E010S"
"./MFW/MFW_2015182_140E020S_P14x3D3OT.tif",175,"140E020S"
"./MFW/MFW_2015182_140E030S_P14x3D3OT.tif",176,"140E030S"
"./MFW/MFW_2015182_140E040N_P14x3D3OT.tif",177,"140E040N"
"./MFW/MFW_2015182_140E040S_P14x3D3OT.tif",178,"140E040S"
"./MFW/MFW_2015182_140E050N_P14x3D3OT.tif",179,"140E050N"
"./MFW/MFW_2015182_140E060N_P14x3D3OT.tif",180,"140E060N"
"./MFW/MFW_2015182_140E070N_P14x3D3OT.tif",181,"140E070N"
"./MFW/MFW_2015182_140W060N_P14x3D3OT.tif",182,"140W060N"
"./MFW/MFW_2015182_140W070N_P14x3D3OT.tif",183,"140W070N"
"./MFW/MFW_2015182_150E020S_P14x3D3OT.tif",184,"150E020S"
"./MFW/MFW_2015182_150E030S_P14x3D3OT.tif",185,"150E030S"
"./MFW/MFW_2015182_150E060N_P14x3D3OT.tif",186,"150E060N"
"./MFW/MFW_2015182_150E070N_P14x3D3OT.tif",187,"150E070N"
"./MFW/MFW_2015182_150W070N_P14x3D3OT.tif",188,"150W070N"
"./MFW/MFW_2015182_160E040S_P14x3D3OT.tif",189,"160E040S"
"./MFW/MFW_2015182_160E060N_P14x3D3OT.tif",190,"160E060N"
"./MFW/MFW_2015182_160E070N_P14x3D3OT.tif",191,"160E070N"
"./MFW/MFW_2015182_160W060N_P14x3D3OT.tif",192,"160W060N"
"./MFW/MFW_2015182_160W070N_P14x3D3OT.tif",193,"160W070N"
"./MFW/MFW_2015182_170E030S_P14x3D3OT.tif",194,"170E030S"
"./MFW/MFW_2015182_170E040S_P14x3D3OT.tif",195,"170E040S"
"./MFW/MFW_2015182_170E070N_P14x3D3OT.tif",196,"170E070N"
"./MFW/MFW_2015182_170W060N_P14x3D3OT.tif",197,"170W060N"
"./MFW/MFW_2015182_170W070N_P14x3D3OT.tif",198,"170W070N"
"./MFW/MFW_2015182_180W070N_P14x3D3OT.tif",199,"180W070N"
